timestamp,interval_index,household_id,hour,minute,demand_kw,solar_kw,net_kw,surplus_kw,deficit_kw,battery_kwh,Voltage,Global_intensity,lighting_kw,kitchen_kw,laundry_kw,ev_charging_kw
2006-12-16 17:15:00,0,household_2_evening_heavy,17,15,9.106660088384608,0.745021366817375,-8.361638721567234,0.0,8.361638721567234,11.995,234.27200000000002,19.96,0.0,0.001687916099076136,0.01760987210192345,0.0
2006-12-16 17:30:00,1,household_2_evening_heavy,17,30,7.494660902050302,0.5050380427231111,-6.9896228593271905,0.0,6.9896228593271905,10.737,234.7686666666667,17.773333333333333,0.0,0.0006504015147427661,0.017488596575142217,0.0
2006-12-16 17:45:00,2,household_2_evening_heavy,17,45,7.08677978618829,0.2538208944022283,-6.832958891786062,0.0,6.832958891786062,9.507,234.63,17.78666666666667,0.0,0.0,0.017530871442991414,0.0
2006-12-16 18:00:00,3,household_2_evening_heavy,18,0,7.243210375986168,5.235227438874979e-16,-7.243210375986167,0.0,7.243210375986167,8.203,235.56599999999997,17.706666666666667,0.0,0.018086746947570134,0.013722956615112464,0.0
2006-12-16 18:15:00,4,household_2_evening_heavy,18,15,7.174976290888974,0.0,-7.174976290888974,0.0,7.174976290888974,6.912,234.80333333333334,16.226666666666667,0.0,0.003025913625284778,0.01646109078590472,0.0
2006-12-16 18:30:00,5,household_2_evening_heavy,18,30,5.854733574984846,0.0,-5.854733574984846,0.0,5.854733574984846,5.858,234.58266666666665,13.44,0.0,0.0024216835969370415,0.018292166444730893,0.0
2006-12-16 18:45:00,6,household_2_evening_heavy,18,45,6.273530056910433,0.0,-6.273530056910433,0.0,6.273530056910433,4.728,233.36866666666666,15.026666666666667,0.0,0.0013415686460952882,0.01658517136087649,0.0
2006-12-16 19:00:00,7,household_2_evening_heavy,19,0,6.1767111235803736,0.0,-6.1767111235803736,0.0,6.1767111235803736,3.617,233.56666666666666,14.866666666666667,0.0,0.0013586874120066932,0.01438198232301535,0.0
2006-12-16 19:15:00,8,household_2_evening_heavy,19,15,6.095994833994884,0.0,-6.095994833994884,0.0,6.095994833994884,2.519,233.94133333333332,14.626666666666667,0.0,0.0024878517897181335,0.016711960523029853,0.0
2006-12-16 19:30:00,9,household_2_evening_heavy,19,30,5.77418244845045,0.0,-5.77418244845045,0.0,5.77418244845045,1.48,232.86599999999999,14.4,0.0,0.0015285836221519378,0.019428815156984115,0.0
2006-12-16 19:45:00,10,household_2_evening_heavy,19,45,6.560437771330018,0.0,-6.560437771330018,0.0,6.560437771330018,0.299,232.556,14.120000000000001,0.0,0.000583618841570241,0.018669840247787634,0.0
2006-12-16 20:00:00,11,household_2_evening_heavy,20,0,5.87861185770425,0.0,-5.87861185770425,0.0,5.87861185770425,0.0,233.15,14.106666666666666,0.0,0.0,0.016497073344452388,0.0
2006-12-16 20:15:00,12,household_2_evening_heavy,20,15,6.398349788804635,0.0,-6.398349788804635,0.0,6.398349788804635,0.0,233.29933333333332,14.026666666666667,0.0,0.0,0.01832542512361053,0.0
2006-12-16 20:30:00,13,household_2_evening_heavy,20,30,6.439391623576962,0.0,-6.439391623576962,0.0,6.439391623576962,0.0,233.67000000000002,13.84,0.0,0.0,0.016120044919250794,0.0
2006-12-16 20:45:00,14,household_2_evening_heavy,20,45,6.1886510826805505,0.0,-6.1886510826805505,0.0,6.1886510826805505,0.0,236.16666666666666,13.693333333333333,0.0,0.0,0.014158725825149066,0.0
2006-12-16 21:00:00,15,household_2_evening_heavy,21,0,5.268670300491998,0.0,-5.268670300491998,0.0,5.268670300491998,0.0,237.346,12.746666666666666,0.0,0.0,0.015670422060496302,0.0
2006-12-16 21:15:00,16,household_2_evening_heavy,21,15,5.718719476770153,0.0,-5.718719476770153,0.0,5.718719476770153,0.0,237.35733333333334,13.146666666666667,0.0,0.0,0.0198881686818341,0.0
2006-12-16 21:30:00,17,household_2_evening_heavy,21,30,5.49934645839305,0.0,-5.49934645839305,0.0,5.49934645839305,0.0,237.00933333333333,12.986666666666668,0.0,0.0002782122620096186,0.016728731899253595,0.0
2006-12-16 21:45:00,18,household_2_evening_heavy,21,45,5.35294521844799,0.0,-5.35294521844799,0.0,5.35294521844799,0.0,236.922,13.306666666666667,0.0,0.0012071335498944067,0.016781379555474967,0.0
2006-12-16 22:00:00,19,household_2_evening_heavy,22,0,5.5549015998455,0.0,-5.5549015998455,0.0,5.5549015998455,0.0,236.484,12.866666666666667,0.0,0.000503212053110883,0.01661961055704904,0.0
2006-12-16 22:15:00,20,household_2_evening_heavy,22,15,3.4105535456956795,0.0,-3.4105535456956795,0.0,3.4105535456956795,0.0,238.97266666666667,8.906666666666666,0.0,0.0,0.0007142481953743803,0.0
2006-12-16 22:30:00,21,household_2_evening_heavy,22,30,3.6221022570308365,0.0,-3.6221022570308365,0.0,3.6221022570308365,0.0,239.78933333333333,8.0,0.0,0.0,0.0,0.0
2006-12-16 22:45:00,22,household_2_evening_heavy,22,45,3.3545614127055385,0.0,-3.3545614127055385,0.0,3.3545614127055385,0.0,239.79399999999998,8.32,0.0,0.0,0.0,0.0
2006-12-16 23:00:00,23,household_2_evening_heavy,23,0,2.459160399563035,0.0,-2.459160399563035,0.0,2.459160399563035,0.0,240.04666666666665,8.413333333333334,0.0,0.0,0.0,0.0
2006-12-16 23:15:00,24,household_2_evening_heavy,23,15,2.377739622620493,0.0,-2.377739622620493,0.0,2.377739622620493,0.0,240.818,8.106666666666666,0.0,0.0,0.0,0.0
2006-12-16 23:30:00,25,household_2_evening_heavy,23,30,2.545500149046216,0.0,-2.545500149046216,0.0,2.545500149046216,0.0,241.07466666666667,8.893333333333334,0.0,0.0,0.0,0.0
2006-12-16 23:45:00,26,household_2_evening_heavy,23,45,3.058503210187522,0.0,-3.058503210187522,0.0,3.058503210187522,0.0,240.53933333333333,10.173333333333334,0.0,0.0003043902422707878,0.0,0.0
2006-12-17 00:00:00,27,household_2_evening_heavy,0,0,2.7412654776004737,0.0,-2.7412654776004737,0.0,2.7412654776004737,0.0,240.44799999999998,9.613333333333335,0.0,0.001474848072057141,0.0,0.0
2006-12-17 00:15:00,28,household_2_evening_heavy,0,15,2.2513484340745866,0.0,-2.2513484340745866,0.0,2.2513484340745866,0.0,239.78,7.48,0.0,0.0003436651055125457,0.0,0.0
2006-12-17 00:30:00,29,household_2_evening_heavy,0,30,1.9475657297137001,0.0,-1.9475657297137001,0.0,1.9475657297137001,0.0,242.01733333333334,7.386666666666667,0.0,0.0,0.0,0.0
2006-12-17 00:45:00,30,household_2_evening_heavy,0,45,2.3501868221575206,0.0,-2.3501868221575206,0.0,2.3501868221575206,0.0,241.60199999999998,8.026666666666667,0.0,0.0,0.0,0.0
2006-12-17 01:00:00,31,household_2_evening_heavy,1,0,5.185379512037544,0.0,-5.185379512037544,0.0,5.185379512037544,0.0,239.9226666666667,15.746666666666666,0.0,0.02599976293210004,0.0,0.0
2006-12-17 01:15:00,32,household_2_evening_heavy,1,15,4.271739657719797,0.0,-4.271739657719797,0.0,4.271739657719797,0.0,239.20066666666668,15.44,0.0,0.029114977114572175,0.0,0.0
2006-12-17 01:30:00,33,household_2_evening_heavy,1,30,4.060226775518252,0.0,-4.060226775518252,0.0,4.060226775518252,0.0,241.01666666666668,14.306666666666667,0.0,0.029450206511297806,0.0,0.0
2006-12-17 01:45:00,34,household_2_evening_heavy,1,45,3.4276964217521173,0.0,-3.4276964217521173,0.0,3.4276964217521173,0.0,241.65333333333334,11.493333333333334,0.0,0.01409584041418744,0.0,0.0
2006-12-17 02:00:00,35,household_2_evening_heavy,2,0,1.968652593704128,0.0,-1.968652593704128,0.0,1.968652593704128,0.0,245.76133333333334,6.866666666666666,0.0,0.0017775998509835483,0.0,0.0
2006-12-17 02:15:00,36,household_2_evening_heavy,2,15,2.0963607885961766,0.0,-2.0963607885961766,0.0,2.0963607885961766,0.0,245.88066666666666,6.92,0.0,0.00018209307355273953,0.0,0.0
2006-12-17 02:30:00,37,household_2_evening_heavy,2,30,1.989221247740622,0.0,-1.989221247740622,0.0,1.989221247740622,0.0,246.47400000000002,6.733333333333333,0.0,0.0001918379832167956,0.0,0.0
2006-12-17 02:45:00,38,household_2_evening_heavy,2,45,2.0792808260917535,0.0,-2.0792808260917535,0.0,2.0792808260917535,0.0,245.15866666666668,6.96,0.0,0.00012005579473613029,0.0,0.0
2006-12-17 03:00:00,39,household_2_evening_heavy,3,0,2.227023196200276,0.0,-2.227023196200276,0.0,2.227023196200276,0.0,245.37933333333334,7.213333333333334,0.0,0.0020592196734192407,0.0,0.0
2006-12-17 03:15:00,40,household_2_evening_heavy,3,15,2.0766713802024097,0.0,-2.0766713802024097,0.0,2.0766713802024097,0.0,244.05266666666665,6.986666666666666,0.0,0.0002171690223331333,0.0,0.0
2006-12-17 03:30:00,41,household_2_evening_heavy,3,30,2.1390810156390274,0.0,-2.1390810156390274,0.0,2.1390810156390274,0.0,244.18733333333333,7.466666666666667,0.0,0.0001302050590672345,0.0,0.0
2006-12-17 03:45:00,42,household_2_evening_heavy,3,45,2.107411274310847,0.0,-2.107411274310847,0.0,2.107411274310847,0.0,244.43466666666666,7.16,0.0,0.0008030590395968024,0.0,0.0
2006-12-17 04:00:00,43,household_2_evening_heavy,4,0,2.3694629325313272,0.0,-2.3694629325313272,0.0,2.3694629325313272,0.0,243.99533333333335,7.4,0.0,0.0013112159830895233,0.0,0.0
2006-12-17 04:15:00,44,household_2_evening_heavy,4,15,2.06840751832754,0.0,-2.06840751832754,0.0,2.06840751832754,0.0,244.25133333333332,7.133333333333334,0.0,0.0003880129340797285,0.0,0.0
2006-12-17 04:30:00,45,household_2_evening_heavy,4,30,3.204648292066828,0.0,-3.204648292066828,0.0,3.204648292066828,0.0,243.66866666666664,11.346666666666666,0.0,0.00019899590765916513,0.018241945373067187,0.0
2006-12-17 04:45:00,46,household_2_evening_heavy,4,45,3.6932069589378065,0.0,-3.6932069589378065,0.0,3.6932069589378065,0.0,243.50666666666666,11.453333333333335,0.0,0.00016827724121373303,0.016134510234963283,0.0
2006-12-17 05:00:00,47,household_2_evening_heavy,5,0,3.528329920598535,0.0,-3.528329920598535,0.0,3.528329920598535,0.0,242.37800000000001,11.92,0.0,0.00017776065948451675,0.019226447118797303,0.0
2006-12-17 05:15:00,48,household_2_evening_heavy,5,15,1.8574057310116348,0.0,-1.8574057310116348,0.0,1.8574057310116348,0.0,244.50933333333333,7.413333333333333,0.0,0.0001528556965166992,0.000624516438462106,0.0
2006-12-17 05:30:00,49,household_2_evening_heavy,5,30,2.227266614683219,0.0,-2.227266614683219,0.0,2.227266614683219,0.0,243.19266666666667,7.426666666666667,0.0,0.00014662478364621079,0.0,0.0
2006-12-17 05:45:00,50,household_2_evening_heavy,5,45,2.1044944181937844,0.0,-2.1044944181937844,0.0,2.1044944181937844,0.0,244.76066666666665,7.506666666666666,0.0,0.00020561272808980273,0.0,0.0
2006-12-17 06:00:00,51,household_2_evening_heavy,6,0,2.0234486022291316,0.0,-2.0234486022291316,0.0,2.0234486022291316,0.0,244.04933333333332,7.253333333333333,0.0,0.0014110344581034157,0.0,0.0
2006-12-17 06:15:00,52,household_2_evening_heavy,6,15,2.6572284986078816,0.23684285196559768,-2.4203856466422837,0.0,2.4203856466422837,0.0,243.6146666666667,8.666666666666666,0.0,0.0013829473963475817,0.0,0.0
2006-12-17 06:30:00,53,household_2_evening_heavy,6,30,1.3735219139083983,0.5276728519697839,-0.8458490619386144,0.0,0.8458490619386144,0.0,244.3273333333333,4.493333333333334,0.0,0.0002077831839133586,0.0,0.0
2006-12-17 06:45:00,54,household_2_evening_heavy,6,45,0.5407448072160336,0.7804083233798329,0.23966351616379933,0.23966351616379933,0.0,0.06,244.57466666666667,1.7066666666666668,0.0,0.00013262505795976607,0.0,0.0
2006-12-17 07:00:00,55,household_2_evening_heavy,7,0,0.4994334177108993,0.9929805605586443,0.493547142847745,0.493547142847745,0.0,0.183,242.84799999999998,1.7866666666666664,0.0,0.00022447137764837255,0.0,0.0
2006-12-17 07:15:00,56,household_2_evening_heavy,7,15,2.991170183853771,1.3281393762455143,-1.663030807608257,0.0,1.663030807608257,0.0,240.30466666666663,9.573333333333332,0.0,0.00014795292311747845,0.0,0.0
2006-12-17 07:30:00,57,household_2_evening_heavy,7,30,2.1189795465900367,1.6024922411303475,-0.5164873054596892,0.0,0.5164873054596892,0.0,242.11133333333333,7.306666666666667,0.0,0.0001249909695000505,0.0,0.0
2006-12-17 07:45:00,58,household_2_evening_heavy,7,45,2.6452844168852834,1.6269536515039273,-1.018330765381356,0.0,1.018330765381356,0.0,242.11866666666666,8.546666666666669,0.0,0.00017361505610802468,0.0,0.0
2006-12-17 08:00:00,59,household_2_evening_heavy,8,0,2.263082372031509,1.923727522143378,-0.3393548498881309,0.0,0.3393548498881309,0.0,241.82866666666666,7.373333333333333,0.0,0.00019594038725208687,0.0,0.0
2006-12-17 08:15:00,60,household_2_evening_heavy,8,15,2.160212224101903,2.136818413179094,-0.0233938109228089,0.0,0.0233938109228089,0.0,241.834,7.786666666666666,0.0,0.0011653284485096313,0.0,0.0
2006-12-17 08:30:00,61,household_2_evening_heavy,8,30,2.657749049279231,2.32061036504273,-0.33713868423650073,0.0,0.33713868423650073,0.0,241.40200000000002,8.506666666666668,0.0,0.0012586202205487217,0.0,0.0
2006-12-17 08:45:00,62,household_2_evening_heavy,8,45,2.406539613623435,2.746765413551973,0.34022579992853785,0.34022579992853785,0.0,0.085,240.18133333333333,8.533333333333333,0.0,0.0002996650169249104,0.0,0.0
2006-12-17 09:00:00,63,household_2_evening_heavy,9,0,5.847567047705486,2.8010159693266994,-3.046551078378787,0.0,3.046551078378787,0.0,237.36666666666667,19.2,0.0,0.0255744315643674,0.0,0.0
2006-12-17 09:15:00,64,household_2_evening_heavy,9,15,2.4014468321099876,2.9675846724426496,0.566137840332662,0.566137840332662,0.0,0.142,239.4453333333333,8.146666666666667,0.0,0.0013940047266163794,0.0,0.0
2006-12-17 09:30:00,65,household_2_evening_heavy,9,30,2.8166232707783183,2.8554591811077428,0.03883591032942446,0.03883591032942446,0.0,0.151,238.98,8.72,0.0,0.0010728557583795622,0.0,0.0
2006-12-17 09:45:00,66,household_2_evening_heavy,9,45,2.25107417367996,3.431544605855803,1.1804704321758428,1.1804704321758428,0.0,0.446,239.5993333333333,7.826666666666666,0.0,0.0,0.0,0.0
2006-12-17 10:00:00,67,household_2_evening_heavy,10,0,3.283377140951763,3.249455764778507,-0.03392137617325597,0.0,0.03392137617325597,0.44,236.56599999999997,11.506666666666666,0.0,0.0,0.014431607488753903,0.0
2006-12-17 10:15:00,68,household_2_evening_heavy,10,15,2.875478984808345,3.5982413546135974,0.7227623698052525,0.7227623698052525,0.0,0.621,236.82333333333332,9.8,0.000632070338908833,0.012524399606979606,0.012474291670512597,0.0
2006-12-17 10:30:00,69,household_2_evening_heavy,10,30,6.290615262751686,3.7467707051991916,-2.5438445575524944,0.0,2.5438445575524944,0.163,233.61133333333333,21.946666666666665,0.027219138564684595,0.036420245169130123,0.015897118171906272,0.0
2006-12-17 10:45:00,70,household_2_evening_heavy,10,45,5.769046144125773,4.0454102420516485,-1.7236359020741245,0.0,1.7236359020741245,0.0,234.76333333333332,18.88,0.009614803491946523,0.045248318983964524,0.01597906194867395,0.0
2006-12-17 11:00:00,71,household_2_evening_heavy,11,0,2.762643358048713,3.61085862005965,0.8482152620109371,0.8482152620109371,0.0,0.212,235.46933333333334,10.546666666666665,0.0014154253627094787,0.01711457559448883,0.019360174222954364,0.0
2006-12-17 11:15:00,72,household_2_evening_heavy,11,15,3.3485167315656814,3.330842506327384,-0.017674225238297314,0.0,0.017674225238297314,0.209,235.66199999999998,12.173333333333334,0.021414948122574006,0.000974813675274975,0.016345462920088132,0.0
2006-12-17 11:30:00,73,household_2_evening_heavy,11,30,3.1260122945155295,4.002234782777634,0.8762224882621048,0.8762224882621048,0.0,0.428,237.39866666666666,11.293333333333333,0.01644646417290985,0.0007079807630644091,0.017927960980319336,0.0
2006-12-17 11:45:00,74,household_2_evening_heavy,11,45,2.516937112331931,4.350766922726712,1.8338298103947812,1.8338298103947812,0.0,0.886,239.16866666666667,7.959999999999999,0.0,0.00018729275222348745,0.0177133958046861,0.0
2006-12-17 12:00:00,75,household_2_evening_heavy,12,0,2.532021643807671,4.247789270587887,1.7157676267802162,1.7157676267802162,0.0,1.315,238.672,7.679999999999999,0.0,0.00011747111121212852,0.013745277215270088,0.0
2006-12-17 12:15:00,76,household_2_evening_heavy,12,15,2.6097086033017174,4.033277796628969,1.4235691933272516,1.4235691933272516,0.0,1.671,238.2313333333333,8.879999999999999,0.0,0.0,0.018736680556939223,0.0
2006-12-17 12:30:00,77,household_2_evening_heavy,12,30,2.4832556208921064,3.868293411513178,1.3850377906210718,1.3850377906210718,0.0,2.017,236.95666666666665,8.6,0.0,0.0007198014737719043,0.017570481989384816,0.0
2006-12-17 12:45:00,78,household_2_evening_heavy,12,45,2.157195689970324,4.081463914065464,1.9242682240951394,1.9242682240951394,0.0,2.499,237.27866666666665,7.386666666666668,0.0,0.0011900656758251596,0.018074222060240293,0.0
2006-12-17 13:00:00,79,household_2_evening_heavy,13,0,2.175439057150918,3.675628621680249,1.500189564529331,1.500189564529331,0.0,2.874,238.17066666666668,6.866666666666666,0.0,0.00015588867885801862,0.024231653609199207,0.0
2006-12-17 13:15:00,80,household_2_evening_heavy,13,15,1.711650346656775,3.8779360228249207,2.1662856761681457,2.1662856761681457,0.0,3.415,240.27066666666667,6.0,0.0,0.0,0.013984733806885828,0.0
2006-12-17 13:30:00,81,household_2_evening_heavy,13,30,2.1229343768518345,3.7889168369150004,1.6659824600631659,1.6659824600631659,0.0,3.832,240.15200000000002,6.986666666666666,0.0,0.0,0.020713630747911292,0.0
2006-12-17 13:45:00,82,household_2_evening_heavy,13,45,2.503027706380198,3.7776656393984807,1.2746379330182829,1.2746379330182829,0.0,4.15,241.08933333333334,7.84,0.0,0.0,0.017223593065596704,0.0
2006-12-17 14:00:00,83,household_2_evening_heavy,14,0,2.481771506539838,3.942088755038904,1.460317248499066,1.460317248499066,0.0,4.515,243.272,7.973333333333333,0.0,0.0,0.018654356413317457,0.0
2006-12-17 14:15:00,84,household_2_evening_heavy,14,15,2.7814495292216255,3.391134839628473,0.6096853104068476,0.6096853104068476,0.0,4.668,245.53466666666665,9.066666666666666,0.0,0.0,0.018382620720343704,0.0
2006-12-17 14:30:00,85,household_2_evening_heavy,14,30,2.8286008127533324,3.0926557626565847,0.2640549499032523,0.2640549499032523,0.0,4.734,243.46466666666666,8.746666666666666,0.0,0.0,0.017364051448771546,0.0
2006-12-17 14:45:00,86,household_2_evening_heavy,14,45,2.207898243164294,3.0035136727249427,0.7956154295606486,0.7956154295606486,0.0,4.933,243.91133333333335,8.613333333333333,0.0,0.0014131725852749213,0.017162904070605462,0.0
2006-12-17 15:00:00,87,household_2_evening_heavy,15,0,2.6660295486984293,2.5782420109900257,-0.08778753770840364,0.0,0.08778753770840364,4.917,242.54933333333332,8.4,0.0,0.0008534672390974464,0.018593115724031415,0.0
2006-12-17 15:15:00,88,household_2_evening_heavy,15,15,3.3373442127892488,2.5457720212645487,-0.7915721915247,0.0,0.7915721915247,4.774,241.08733333333333,11.546666666666665,0.00042782151030263115,0.0,0.01504287864456889,0.0
2006-12-17 15:30:00,89,household_2_evening_heavy,15,30,4.3252972852504685,2.3852146436561017,-1.9400826415943668,0.0,1.9400826415943668,4.425,238.858,16.30666666666667,0.02039631196819711,0.0,0.018777678279271348,0.0
2006-12-17 15:45:00,90,household_2_evening_heavy,15,45,4.156185468955069,2.16404734940573,-1.992138119549339,0.0,1.992138119549339,4.067,239.42866666666666,13.453333333333335,0.008411895312024374,0.0,0.016867497847401953,0.0
2006-12-17 16:00:00,91,household_2_evening_heavy,16,0,3.7964060375774267,2.015235487203372,-1.7811705503740547,0.0,1.7811705503740547,3.746,238.284,11.733333333333333,0.0011914080897770319,0.0,0.015374546478996711,0.0
2006-12-17 16:15:00,92,household_2_evening_heavy,16,15,4.8118206962400665,1.6964053539353405,-3.115415342304726,0.0,3.115415342304726,3.185,236.97866666666667,16.333333333333332,0.017077347523349305,0.0,0.016489644465193895,0.0
2006-12-17 16:30:00,93,household_2_evening_heavy,16,30,4.624248591580078,1.6165337021720105,-3.007714889408067,0.0,3.007714889408067,2.644,236.92933333333335,14.746666666666666,0.012535862038951408,0.0,0.019287248991557874,0.0
2006-12-17 16:45:00,94,household_2_evening_heavy,16,45,4.2738001128336585,1.285771172979965,-2.9880289398536934,0.0,2.9880289398536934,2.106,234.93533333333332,13.213333333333335,0.0,0.0002689020434114497,0.016026832585985862,0.0
2006-12-17 17:00:00,95,household_2_evening_heavy,17,0,6.892474905250501,1.0347947603628356,-5.857680144887666,0.0,5.857680144887666,1.052,233.0413333333333,15.08,0.0,0.0015213945526938006,0.0172640893636827,0.0
2006-12-17 17:15:00,96,household_2_evening_heavy,17,15,6.883284176394713,0.7675674708981359,-6.115716705496577,0.0,6.115716705496577,0.0,233.598,14.773333333333333,0.0,0.0005551873491178398,0.015510199831969442,0.0
2006-12-17 17:30:00,97,household_2_evening_heavy,17,30,6.091075943880354,0.526156058686634,-5.564919885193721,0.0,5.564919885193721,0.0,234.292,13.693333333333333,0.0,0.0,0.018073308707871685,0.0
2006-12-17 17:45:00,98,household_2_evening_heavy,17,45,6.240643002051026,0.27240531860689726,-5.968237683444129,0.0,5.968237683444129,0.0,235.988,14.493333333333334,0.0,0.0,0.018236599874201946,0.0
2006-12-17 18:00:00,99,household_2_evening_heavy,18,0,5.441076187076074,4.686201547966551e-16,-5.4410761870760735,0.0,5.4410761870760735,0.0,235.71533333333335,14.026666666666667,0.0,0.0,0.020221625742159213,0.0
2006-12-17 18:15:00,100,household_2_evening_heavy,18,15,7.220106816094237,0.0,-7.220106816094237,0.0,7.220106816094237,0.0,235.194,17.21333333333333,0.0,0.0,0.016636045052287995,0.0
2006-12-17 18:30:00,101,household_2_evening_heavy,18,30,6.0581229616771,0.0,-6.0581229616771,0.0,6.0581229616771,0.0,234.804,14.96,0.0,0.0,0.01799446443735834,0.0
2006-12-17 18:45:00,102,household_2_evening_heavy,18,45,7.9966028587965905,0.0,-7.9966028587965905,0.0,7.9966028587965905,0.0,231.77599999999998,16.8,0.0,0.0,0.01662815121510746,0.0
2006-12-17 19:00:00,103,household_2_evening_heavy,19,0,5.854524037308563,0.0,-5.854524037308563,0.0,5.854524037308563,0.0,233.266,14.08,0.0,0.0005580365224142712,0.018901758781650776,0.0
2006-12-17 19:15:00,104,household_2_evening_heavy,19,15,4.036939907205122,0.0,-4.036939907205122,0.0,4.036939907205122,0.0,234.846,9.44,0.0,0.0013596389687508274,0.015654236039566612,0.0
2006-12-17 19:30:00,105,household_2_evening_heavy,19,30,5.985176004337363,0.0,-5.985176004337363,0.0,5.985176004337363,0.0,232.534,13.773333333333333,0.0,0.00020622617346885771,0.017836708819376285,0.0
2006-12-17 19:45:00,106,household_2_evening_heavy,19,45,5.3821855132150995,0.0,-5.3821855132150995,0.0,5.3821855132150995,0.0,232.13666666666668,12.773333333333333,0.0,0.0,0.016211433803753755,0.0
2006-12-17 20:00:00,107,household_2_evening_heavy,20,0,5.282298949977785,0.0,-5.282298949977785,0.0,5.282298949977785,0.0,233.83933333333334,11.333333333333334,0.0,0.0007381028768156591,0.01662592511697178,0.0
2006-12-17 20:15:00,108,household_2_evening_heavy,20,15,6.402437303611071,0.0,-6.402437303611071,0.0,6.402437303611071,0.0,235.64333333333335,15.706666666666667,0.0,0.00135875141216867,0.017155979223562236,0.0
2006-12-17 20:30:00,109,household_2_evening_heavy,20,30,6.611946311615155,0.0,-6.611946311615155,0.0,6.611946311615155,0.0,238.01666666666668,15.226666666666667,0.0,0.0013858993402305476,0.017838898289782416,0.0
2006-12-17 20:45:00,110,household_2_evening_heavy,20,45,6.105018293521749,0.0,-6.105018293521749,0.0,6.105018293521749,0.0,238.20666666666665,14.84,0.0,0.001076097131576695,0.017131869658588605,0.0
2006-12-17 21:00:00,111,household_2_evening_heavy,21,0,5.3497557460456076,0.0,-5.3497557460456076,0.0,5.3497557460456076,0.0,238.49333333333334,13.44,0.0,0.001247751245993617,0.01784169902660452,0.0
2006-12-17 21:15:00,112,household_2_evening_heavy,21,15,5.440442867010381,0.0,-5.440442867010381,0.0,5.440442867010381,0.0,238.41666666666666,13.093333333333334,0.0,0.0014171167619679733,0.0201459254201582,0.0
2006-12-17 21:30:00,113,household_2_evening_heavy,21,30,5.654167659576491,0.0,-5.654167659576491,0.0,5.654167659576491,0.0,241.33266060666665,12.923757576000002,0.0,0.0011495278186994381,0.019598042239137546,0.0
2006-12-17 21:45:00,114,household_2_evening_heavy,21,45,5.634774716751776,0.0,-5.634774716751776,0.0,5.634774716751776,0.0,244.89372727333333,12.961818181333333,0.0,0.0009235569399080683,0.020295675939014695,0.0
2006-12-17 22:00:00,115,household_2_evening_heavy,22,0,4.949142387060053,0.0,-4.949142387060053,0.0,4.949142387060053,0.0,246.4367613625,11.4897727275,0.0,0.0008551214141706002,0.0138936975763763,0.0
2006-12-17 22:15:00,116,household_2_evening_heavy,22,15,2.7579723907588507,0.0,-2.7579723907588507,0.0,2.7579723907588507,0.0,240.556,7.066666666666666,0.0,0.00047521957134173936,0.0,0.0
2006-12-17 22:30:00,117,household_2_evening_heavy,22,30,2.2971300074044985,0.0,-2.2971300074044985,0.0,2.2971300074044985,0.0,242.96466666666666,5.293333333333334,0.0,0.0,0.0,0.0
2006-12-17 22:45:00,118,household_2_evening_heavy,22,45,1.4813373147367972,0.0,-1.4813373147367972,0.0,1.4813373147367972,0.0,245.26866666666666,3.7866666666666666,0.0,0.0,0.0,0.0
2006-12-17 23:00:00,119,household_2_evening_heavy,23,0,0.7784516998980144,0.0,-0.7784516998980144,0.0,0.7784516998980144,0.0,246.20933333333332,2.546666666666667,0.0,0.0,0.0,0.0
2006-12-17 23:15:00,120,household_2_evening_heavy,23,15,0.45875802483287603,0.0,-0.45875802483287603,0.0,0.45875802483287603,0.0,245.43333333333334,1.5599999999999998,0.0,0.0007344786778229708,0.0,0.0
2006-12-17 23:30:00,121,household_2_evening_heavy,23,30,0.4933836960240244,0.0,-0.4933836960240244,0.0,0.4933836960240244,0.0,245.948,2.1333333333333333,0.0,0.0014536369565048863,0.0,0.0
2006-12-17 23:45:00,122,household_2_evening_heavy,23,45,0.4387070125535226,0.0,-0.4387070125535226,0.0,0.4387070125535226,0.0,245.34533333333331,1.7466666666666666,0.0,0.0010304542995833489,0.0,0.0
2006-12-18 00:00:00,123,household_2_evening_heavy,0,0,0.3031714204734994,0.0,-0.3031714204734994,0.0,0.3031714204734994,0.0,245.49133333333333,1.0933333333333333,0.0,0.0001535904523152236,0.0,0.0
2006-12-18 00:15:00,124,household_2_evening_heavy,0,15,0.43228965795683477,0.0,-0.43228965795683477,0.0,0.43228965795683477,0.0,244.89933333333332,1.6266666666666665,0.0,0.0,0.0,0.0
2006-12-18 00:30:00,125,household_2_evening_heavy,0,30,0.3122434107340413,0.0,-0.3122434107340413,0.0,0.3122434107340413,0.0,243.9993333333333,0.9600000000000001,0.0,0.0,0.0,0.0
2006-12-18 00:45:00,126,household_2_evening_heavy,0,45,0.3116567827312308,0.0,-0.3116567827312308,0.0,0.3116567827312308,0.0,244.04,1.2133333333333334,0.0,0.0,0.0,0.0
2006-12-18 01:00:00,127,household_2_evening_heavy,1,0,0.4071238660134497,0.0,-0.4071238660134497,0.0,0.4071238660134497,0.0,243.42533333333333,1.4933333333333332,0.0,0.0,0.0,0.0
2006-12-18 01:15:00,128,household_2_evening_heavy,1,15,0.3888939380031166,0.0,-0.3888939380031166,0.0,0.3888939380031166,0.0,242.92999999999998,1.3733333333333333,0.0,0.0012471292539446561,0.0,0.0
2006-12-18 01:30:00,129,household_2_evening_heavy,1,30,0.4585902783554482,0.0,-0.4585902783554482,0.0,0.4585902783554482,0.0,243.76133333333334,1.68,0.0,0.0010164231000780743,0.0,0.0
2006-12-18 01:45:00,130,household_2_evening_heavy,1,45,0.3328709041755139,0.0,-0.3328709041755139,0.0,0.3328709041755139,0.0,243.96066666666667,1.12,0.0,0.0,0.0,0.0
2006-12-18 02:00:00,131,household_2_evening_heavy,2,0,0.3504416353151112,0.0,-0.3504416353151112,0.0,0.3504416353151112,0.0,246.51666666666668,1.3066666666666664,0.0,0.0,0.0,0.0
2006-12-18 02:15:00,132,household_2_evening_heavy,2,15,0.3274426830019309,0.0,-0.3274426830019309,0.0,0.3274426830019309,0.0,247.15733333333336,1.16,0.0,0.0,0.0,0.0
2006-12-18 02:30:00,133,household_2_evening_heavy,2,30,0.34074265818776234,0.0,-0.34074265818776234,0.0,0.34074265818776234,0.0,246.0366666666667,1.2533333333333334,0.0,0.0,0.0,0.0
2006-12-18 02:45:00,134,household_2_evening_heavy,2,45,0.387145142430888,0.0,-0.387145142430888,0.0,0.387145142430888,0.0,247.85333333333335,1.3066666666666664,0.0,0.0,0.0,0.0
2006-12-18 03:00:00,135,household_2_evening_heavy,3,0,0.39316876910937765,0.0,-0.39316876910937765,0.0,0.39316876910937765,0.0,246.07999999999998,1.4,0.0,0.0010258538928545904,0.0,0.0
2006-12-18 03:15:00,136,household_2_evening_heavy,3,15,0.5416243989700819,0.0,-0.5416243989700819,0.0,0.5416243989700819,0.0,245.80866666666668,1.8933333333333333,0.0,0.0011858300464379005,0.0,0.0
2006-12-18 03:30:00,137,household_2_evening_heavy,3,30,0.2769881776255721,0.0,-0.2769881776255721,0.0,0.2769881776255721,0.0,245.60933333333332,0.8800000000000001,0.0,0.0,0.0,0.0
2006-12-18 03:45:00,138,household_2_evening_heavy,3,45,0.3761361858372537,0.0,-0.3761361858372537,0.0,0.3761361858372537,0.0,245.42933333333335,1.4266666666666665,0.0,0.0,0.0,0.0
2006-12-18 04:00:00,139,household_2_evening_heavy,4,0,0.29805857123063906,0.0,-0.29805857123063906,0.0,0.29805857123063906,0.0,246.29333333333335,1.12,0.0,0.0,0.0,0.0
2006-12-18 04:15:00,140,household_2_evening_heavy,4,15,1.361350437051718,0.0,-1.361350437051718,0.0,1.361350437051718,0.0,245.04666666666665,4.973333333333333,0.0,0.0,0.01741862522572155,0.0
2006-12-18 04:30:00,141,household_2_evening_heavy,4,30,1.596636702406772,0.0,-1.596636702406772,0.0,1.596636702406772,0.0,244.70933333333332,5.679999999999999,0.0,0.0,0.0178996486400986,0.0
2006-12-18 04:45:00,142,household_2_evening_heavy,4,45,1.5372497573788224,0.0,-1.5372497573788224,0.0,1.5372497573788224,0.0,245.97866666666667,4.933333333333334,0.0,0.000248086084841878,0.017742754767844825,0.0
2006-12-18 05:00:00,143,household_2_evening_heavy,5,0,0.4793651820650141,0.0,-0.4793651820650141,0.0,0.4793651820650141,0.0,244.71133333333333,1.7333333333333334,0.0,0.0014109368756112968,0.0,0.0
2006-12-18 05:15:00,144,household_2_evening_heavy,5,15,0.3175492690555569,0.0,-0.3175492690555569,0.0,0.3175492690555569,0.0,245.09133333333332,1.2,0.0,0.0005472235873777896,0.0,0.0
2006-12-18 05:30:00,145,household_2_evening_heavy,5,30,0.40040687356093546,0.0,-0.40040687356093546,0.0,0.40040687356093546,0.0,245.24200000000002,1.3866666666666665,0.0,0.0,0.0,0.0
2006-12-18 05:45:00,146,household_2_evening_heavy,5,45,0.26363093546807675,0.0,-0.26363093546807675,0.0,0.26363093546807675,0.0,245.968,0.8533333333333334,0.0,0.0,0.0,0.0
2006-12-18 06:00:00,147,household_2_evening_heavy,6,0,0.4183188768048671,0.0,-0.4183188768048671,0.0,0.4183188768048671,0.0,245.89533333333333,1.5066666666666668,0.0,0.0,0.0,0.0
2006-12-18 06:15:00,148,household_2_evening_heavy,6,15,0.32646092708730856,0.2665361890963348,-0.05992473799097375,0.0,0.05992473799097375,0.0,246.406,0.9600000000000001,0.0,0.0,0.0,0.0
2006-12-18 06:30:00,149,household_2_evening_heavy,6,30,0.35162138977029456,0.49855649796491336,0.1469351081946188,0.1469351081946188,0.0,0.037,245.68733333333333,1.1466666666666667,0.0,0.0,0.0,0.0
2006-12-18 06:45:00,150,household_2_evening_heavy,6,45,1.9717118748958027,0.7464287179502295,-1.225283156945573,0.0,1.225283156945573,0.0,244.82866666666666,6.786666666666666,0.0,0.00033651147331471024,0.0,0.0
2006-12-18 07:00:00,151,household_2_evening_heavy,7,0,0.8597633570482002,1.0935329716555617,0.23376961460736156,0.23376961460736156,0.0,0.058,243.58599999999998,3.066666666666667,0.0,0.0012982069045223666,0.0,0.0
2006-12-18 07:15:00,152,household_2_evening_heavy,7,15,2.6457670886456945,1.2092930766389476,-1.436474012006747,0.0,1.436474012006747,0.0,241.25533333333334,10.133333333333333,0.0,0.0004983599961871157,0.008233926010781158,0.0
2006-12-18 07:30:00,153,household_2_evening_heavy,7,30,4.629882075024208,1.6564584742614175,-2.97342360076279,0.0,2.97342360076279,0.0,240.694,16.013333333333332,0.0,0.0,0.01821223504888079,0.0
2006-12-18 07:45:00,154,household_2_evening_heavy,7,45,3.423245243083341,1.6894878878537092,-1.733757355229632,0.0,1.733757355229632,0.0,238.314,11.666666666666666,0.0003305520676736546,0.0,0.014072676342769586,0.0
2006-12-18 08:00:00,155,household_2_evening_heavy,8,0,2.873893197801793,2.0638391925608377,-0.8100540052409553,0.0,0.8100540052409553,0.0,238.17999999999998,10.253333333333334,0.014934619682926566,0.0,0.017280576759811282,0.0
2006-12-18 08:15:00,156,household_2_evening_heavy,8,15,2.9032872350512666,2.185766803449127,-0.7175204316021397,0.0,0.7175204316021397,0.0,237.65866666666668,9.866666666666667,0.01482762897189532,0.0,0.014961587266023129,0.0
2006-12-18 08:30:00,157,household_2_evening_heavy,8,30,1.6604547345663545,2.5084851645360393,0.8480304299696848,0.8480304299696848,0.0,0.212,238.3493333333333,5.44,0.00107952511535022,0.0,0.020857860238661607,0.0
2006-12-18 08:45:00,158,household_2_evening_heavy,8,45,2.739205660097441,2.5656314023540068,-0.17357425774343405,0.0,0.17357425774343405,0.181,237.33333333333334,9.346666666666666,0.015174804096373097,0.00013959023453078036,0.018840286300288354,0.0
2006-12-18 09:00:00,159,household_2_evening_heavy,9,0,3.1416686604381456,2.8054047311836334,-0.3362639292545122,0.0,0.3362639292545122,0.12,236.61,11.066666666666666,0.020809978296541583,0.001185019902751005,0.01731452482904514,0.0
2006-12-18 09:15:00,160,household_2_evening_heavy,9,15,1.6773030649680452,3.0135121629062533,1.3362090979382082,1.3362090979382082,0.0,0.454,239.256,5.466666666666667,0.0,0.0005736953962659723,0.019749032374821188,0.0
2006-12-18 09:30:00,161,household_2_evening_heavy,9,30,1.6614168564796854,3.0143956080364998,1.3529787515568144,1.3529787515568144,0.0,0.793,236.28933333333333,5.4,0.0,0.0,0.015683311958608705,0.0
2006-12-18 09:45:00,162,household_2_evening_heavy,9,45,1.493919824482457,3.449073035464333,1.955153210981876,1.955153210981876,0.0,1.281,237.4633333333333,5.333333333333333,0.0,0.0,0.018205074393837027,0.0
2006-12-18 10:00:00,163,household_2_evening_heavy,10,0,1.8030597288892263,3.375210417911513,1.5721506890222867,1.5721506890222867,0.0,1.674,238.20933333333332,5.56,0.0,0.0,0.01774767015467056,0.0
2006-12-18 10:15:00,164,household_2_evening_heavy,10,15,1.5842396694576453,3.546485959573724,1.9622462901160789,1.9622462901160789,0.0,2.165,238.56933333333333,5.28,0.0,0.0,0.017859394941520584,0.0
2006-12-18 10:30:00,165,household_2_evening_heavy,10,30,1.6894085243231656,3.511786322971906,1.8223777986487404,1.8223777986487404,0.0,2.621,239.52333333333334,5.573333333333333,0.0,0.0,0.019839342160187914,0.0
2006-12-18 10:45:00,166,household_2_evening_heavy,10,45,1.6728535513378078,3.302450329313881,1.6295967779760732,1.6295967779760732,0.0,3.028,240.02,5.293333333333334,0.0,0.0,0.018889186100892453,0.0
2006-12-18 11:00:00,167,household_2_evening_heavy,11,0,1.7499828637256691,3.8267995752695296,2.0768167115438603,2.0768167115438603,0.0,3.547,238.95,5.786666666666666,0.0,0.0009907184544253693,0.018039562155486542,0.0
2006-12-18 11:15:00,168,household_2_evening_heavy,11,15,1.9882186044374377,4.396392660171278,2.4081740557338405,2.4081740557338405,0.0,4.149,238.082,6.293333333333334,0.0,0.0013298120073207392,0.014464861777204286,0.0
2006-12-18 11:30:00,169,household_2_evening_heavy,11,30,2.040049650798735,4.121357823384912,2.081308172586177,2.081308172586177,0.0,4.669,240.97266666666667,6.573333333333333,0.0,0.0,0.016091117594402553,0.0
2006-12-18 11:45:00,170,household_2_evening_heavy,11,45,2.1169106744465784,3.9875918645978286,1.8706811901512501,1.8706811901512501,0.0,5.137,241.07933333333332,7.2266666666666675,0.0,0.0,0.01751572949109025,0.0
2006-12-18 12:00:00,171,household_2_evening_heavy,12,0,2.094124370196513,3.9474218341583462,1.8532974639618334,1.8532974639618334,0.0,5.6,241.86466666666666,6.653333333333333,0.0,0.0,0.018100781124536124,0.0
2006-12-18 12:15:00,172,household_2_evening_heavy,12,15,2.0030802368740086,3.995919251276619,1.9928390144026102,1.9928390144026102,0.0,6.099,242.02733333333333,7.013333333333334,0.0,0.0,0.015906501320418095,0.0
2006-12-18 12:30:00,173,household_2_evening_heavy,12,30,2.835013256942899,4.074267132555211,1.2392538756123122,1.2392538756123122,0.0,6.409,241.928,9.546666666666665,0.0,0.0,0.022175528993700115,0.0
2006-12-18 12:45:00,174,household_2_evening_heavy,12,45,1.7598176003231496,3.6915163559796396,1.93169875565649,1.93169875565649,0.0,6.891,244.5,5.7733333333333325,0.0,0.0,0.02111338910129822,0.0
2006-12-18 13:00:00,175,household_2_evening_heavy,13,0,2.0922108517701816,4.078973725891247,1.9867628741210654,1.9867628741210654,0.0,7.388,242.89533333333333,6.96,0.0,0.0001469827939480931,0.01908381297670647,0.0
2006-12-18 13:15:00,176,household_2_evening_heavy,13,15,2.2306628604571173,3.9232037423142545,1.6925408818571372,1.6925408818571372,0.0,7.811,242.63733333333332,7.426666666666667,0.0,0.0013665744794188971,0.018196813262719297,0.0
2006-12-18 13:30:00,177,household_2_evening_heavy,13,30,1.8645133502056261,3.828221548549812,1.9637081983441858,1.9637081983441858,0.0,8.302,241.29733333333334,6.933333333333334,0.0,0.0007363392316056503,0.01742226803357595,0.0
2006-12-18 13:45:00,178,household_2_evening_heavy,13,45,1.877901394332434,3.6661423537231235,1.7882409593906894,1.7882409593906894,0.0,8.749,240.98666666666668,6.4399999999999995,0.0,0.0,0.014115007202365313,0.0
2006-12-18 14:00:00,179,household_2_evening_heavy,14,0,1.7307547596075095,3.467499319917822,1.7367445603103127,1.7367445603103127,0.0,9.183,241.82133333333334,5.6933333333333325,0.0,0.0,0.015788052812346215,0.0
2006-12-18 14:15:00,180,household_2_evening_heavy,14,15,2.3050653938063905,3.4377711834107303,1.1327057896043398,1.1327057896043398,0.0,9.467,240.79466666666667,7.506666666666666,0.0,0.0,0.01819041450451981,0.0
2006-12-18 14:30:00,181,household_2_evening_heavy,14,30,2.1869565749595807,3.2673169051319984,1.0803603301724176,1.0803603301724176,0.0,9.737,242.95333333333335,7.586666666666667,0.0,0.0,0.015823219226963198,0.0
2006-12-18 14:45:00,182,household_2_evening_heavy,14,45,2.5071252798979606,2.954122849925186,0.4469975700272255,0.4469975700272255,0.0,9.848,243.21666666666667,7.6,0.0,0.0,0.018670412060489115,0.0
2006-12-18 15:00:00,183,household_2_evening_heavy,15,0,2.2424057988747315,2.7473075840829857,0.5049017852082542,0.5049017852082542,0.0,9.975,241.89066666666668,7.760000000000001,0.0,0.0,0.017654902105774282,0.0
2006-12-18 15:15:00,184,household_2_evening_heavy,15,15,2.2269133607105105,2.6508149648047934,0.4239016040942829,0.4239016040942829,0.0,10.081,241.93333333333334,6.8933333333333335,0.0,0.0001399981883165383,0.014511998446206544,0.0
2006-12-18 15:30:00,185,household_2_evening_heavy,15,30,2.379465455172539,2.6236424602323862,0.2441770050598473,0.2441770050598473,0.0,10.142,242.92533333333333,7.613333333333333,0.0,0.0011467591766930745,0.0165122377471917,0.0
2006-12-18 15:45:00,186,household_2_evening_heavy,15,45,2.049014193737644,2.0845987307269533,0.03558453698930952,0.03558453698930952,0.0,10.151,242.94466666666668,6.973333333333333,0.0,0.0006220589575794852,0.01725551003984104,0.0
2006-12-18 16:00:00,187,household_2_evening_heavy,16,0,2.3201851967325364,1.8532474734247555,-0.46693772330778094,0.0,0.46693772330778094,10.067,242.44933333333336,6.8133333333333335,0.0,0.0,0.02139783778321234,0.0
2006-12-18 16:15:00,188,household_2_evening_heavy,16,15,1.9578024650111856,1.783729132209981,-0.17407333280120452,0.0,0.17407333280120452,10.035,243.472,6.826666666666666,0.0,0.0,0.019142549665821212,0.0
2006-12-18 16:30:00,189,household_2_evening_heavy,16,30,2.917663535610302,1.534628505542646,-1.383035030067656,0.0,1.383035030067656,9.786,242.18800000000002,9.373333333333333,0.0,0.0,0.015538369719414195,0.0
2006-12-18 16:45:00,190,household_2_evening_heavy,16,45,2.9423036459135448,1.2969016315946442,-1.6454020143189005,0.0,1.6454020143189005,9.49,241.41333333333333,9.373333333333333,0.0,0.0,0.018735051503759512,0.0
2006-12-18 17:00:00,191,household_2_evening_heavy,17,0,3.2513723990162053,1.047904127156561,-2.203468271859644,0.0,2.203468271859644,9.093,239.228,7.72,0.0,0.0,0.014820393672728067,0.0
2006-12-18 17:15:00,192,household_2_evening_heavy,17,15,4.6882951316191,0.7716523681182285,-3.9166427635008714,0.0,3.9166427635008714,8.388,238.676,9.946666666666665,0.0,0.0,0.019283882433763506,0.0
2006-12-18 17:30:00,193,household_2_evening_heavy,17,30,3.906014641091547,0.5609980091939266,-3.34501663189762,0.0,3.34501663189762,7.786,238.59799999999998,9.226666666666667,0.0,0.0,0.016643768941491437,0.0
2006-12-18 17:45:00,194,household_2_evening_heavy,17,45,4.0113330495356205,0.2406716909627025,-3.770661358572918,0.0,3.770661358572918,7.108,238.41466666666665,9.08,0.0,0.0011921456550591197,0.01723707303159384,0.0
2006-12-18 18:00:00,195,household_2_evening_heavy,18,0,4.893854745243927,4.695663950689366e-16,-4.893854745243926,0.0,4.893854745243926,6.227,236.58333333333334,11.173333333333334,0.0,0.00114816634024626,0.019404864922788954,0.0
2006-12-18 18:15:00,196,household_2_evening_heavy,18,15,4.284980519736768,0.0,-4.284980519736768,0.0,4.284980519736768,5.455,235.636,10.04,0.0,0.0,0.014811821933406777,0.0
2006-12-18 18:30:00,197,household_2_evening_heavy,18,30,3.992178609542748,0.0,-3.992178609542748,0.0,3.992178609542748,4.737,237.594,8.746666666666666,0.0,0.0,0.014854309267038235,0.0
2006-12-18 18:45:00,198,household_2_evening_heavy,18,45,4.685965232899496,0.0,-4.685965232899496,0.0,4.685965232899496,3.893,236.86066666666665,10.373333333333333,0.0,0.0,0.015317345095810498,0.0
2006-12-18 19:00:00,199,household_2_evening_heavy,19,0,2.5423261372520423,0.0,-2.5423261372520423,0.0,2.5423261372520423,3.436,237.49333333333334,6.52,0.0,0.0,0.0,0.0
2006-12-18 19:15:00,200,household_2_evening_heavy,19,15,7.620910987109943,0.0,-7.620910987109943,0.0,7.620910987109943,2.064,233.56533333333334,16.746666666666666,0.0,0.02382267390826789,0.0,0.0
2006-12-18 19:30:00,201,household_2_evening_heavy,19,30,5.270621468585459,0.0,-5.270621468585459,0.0,5.270621468585459,1.115,234.31533333333334,14.04,0.0,0.007992343098290992,0.0,0.0
2006-12-18 19:45:00,202,household_2_evening_heavy,19,45,3.390195729377289,0.0,-3.390195729377289,0.0,3.390195729377289,0.505,235.94266666666667,7.453333333333333,0.0,0.002545664889648406,0.0,0.0
2006-12-18 20:00:00,203,household_2_evening_heavy,20,0,4.0194426202362346,0.0,-4.0194426202362346,0.0,4.0194426202362346,0.0,236.15200000000002,8.826666666666666,0.0,0.0016359019990191913,0.002743452607976839,0.0
2006-12-18 20:15:00,204,household_2_evening_heavy,20,15,5.947697953040768,0.0,-5.947697953040768,0.0,5.947697953040768,0.0,233.93800000000002,15.04,0.0,0.0006337728516104613,0.018816439739561236,0.0
2006-12-18 20:30:00,205,household_2_evening_heavy,20,30,5.744013565944105,0.0,-5.744013565944105,0.0,5.744013565944105,0.0,233.56266666666667,13.933333333333334,0.0,0.0,0.015958309987443766,0.0
2006-12-18 20:45:00,206,household_2_evening_heavy,20,45,5.693647068400343,0.0,-5.693647068400343,0.0,5.693647068400343,0.0,234.44466666666668,14.386666666666667,0.0,0.0,0.016172727122664345,0.0
2006-12-18 21:00:00,207,household_2_evening_heavy,21,0,5.678928720984389,0.0,-5.678928720984389,0.0,5.678928720984389,0.0,234.892,13.56,0.0,0.0,0.016582132424926878,0.0
2006-12-18 21:15:00,208,household_2_evening_heavy,21,15,3.705541048647197,0.0,-3.705541048647197,0.0,3.705541048647197,0.0,237.74266666666665,8.893333333333334,0.0,0.0,0.0,0.0
2006-12-18 21:30:00,209,household_2_evening_heavy,21,30,3.48848035506325,0.0,-3.48848035506325,0.0,3.48848035506325,0.0,237.92066666666668,7.906666666666666,0.0,0.0,0.0,0.0
2006-12-18 21:45:00,210,household_2_evening_heavy,21,45,3.095149787745651,0.0,-3.095149787745651,0.0,3.095149787745651,0.0,239.808,6.6,0.0,0.0,0.0,0.0
2006-12-18 22:00:00,211,household_2_evening_heavy,22,0,2.8453259460127875,0.0,-2.8453259460127875,0.0,2.8453259460127875,0.0,238.658,6.08,0.0,0.00021707951953104447,0.0,0.0
2006-12-18 22:15:00,212,household_2_evening_heavy,22,15,2.469890590685112,0.0,-2.469890590685112,0.0,2.469890590685112,0.0,240.562,5.84,0.0,0.0013886487333815878,0.0,0.0
2006-12-18 22:30:00,213,household_2_evening_heavy,22,30,2.5772358545716068,0.0,-2.5772358545716068,0.0,2.5772358545716068,0.0,241.624,5.946666666666667,0.0,0.0006277973118070864,0.0,0.0
2006-12-18 22:45:00,214,household_2_evening_heavy,22,45,4.328407482997538,0.0,-4.328407482997538,0.0,4.328407482997538,0.0,240.002,11.133333333333333,0.0,0.033411425464353925,0.0,0.0
2006-12-18 23:00:00,215,household_2_evening_heavy,23,0,2.5221838753591093,0.0,-2.5221838753591093,0.0,2.5221838753591093,0.0,241.06066666666666,8.96,0.0,0.03097054257592095,0.0,0.0
2006-12-18 23:15:00,216,household_2_evening_heavy,23,15,2.7626826023900404,0.0,-2.7626826023900404,0.0,2.7626826023900404,0.0,242.426,8.813333333333333,0.0,0.021166246446532803,0.0,0.0
2006-12-18 23:30:00,217,household_2_evening_heavy,23,30,2.093866034114312,0.0,-2.093866034114312,0.0,2.093866034114312,0.0,243.764,6.6,0.0,0.02076526003759063,0.0,0.0
2006-12-18 23:45:00,218,household_2_evening_heavy,23,45,0.5237728659550621,0.0,-0.5237728659550621,0.0,0.5237728659550621,0.0,243.38666666666668,2.0266666666666664,0.0,0.002253090825681692,0.0,0.0
2006-12-19 00:00:00,219,household_2_evening_heavy,0,0,0.46374073945677236,0.0,-0.46374073945677236,0.0,0.46374073945677236,0.0,242.51000000000002,1.8133333333333332,0.0,0.0012978512677358054,0.0,0.0
2006-12-19 00:15:00,220,household_2_evening_heavy,0,15,0.3577656095587164,0.0,-0.3577656095587164,0.0,0.3577656095587164,0.0,243.826,1.28,0.0,0.00034621077726038535,0.0,0.0
2006-12-19 00:30:00,221,household_2_evening_heavy,0,30,1.5662258276314414,0.0,-1.5662258276314414,0.0,1.5662258276314414,0.0,241.44133333333332,5.133333333333334,0.0,0.00013060705038685173,0.015187892564688214,0.0
2006-12-19 00:45:00,222,household_2_evening_heavy,0,45,1.718429933212758,0.0,-1.718429933212758,0.0,1.718429933212758,0.0,240.50733333333335,5.946666666666667,0.0,0.002272725301674328,0.015965839134663852,0.0
2006-12-19 01:00:00,223,household_2_evening_heavy,1,0,0.6217606741309368,0.0,-0.6217606741309368,0.0,0.6217606741309368,0.0,240.88133333333332,2.1333333333333333,0.0,0.00015430692966953143,0.0028727273579558263,0.0
2006-12-19 01:15:00,224,household_2_evening_heavy,1,15,0.36806296497441143,0.0,-0.36806296497441143,0.0,0.36806296497441143,0.0,242.00866666666667,1.3599999999999999,0.0,0.00012712259241175783,0.0,0.0
2006-12-19 01:30:00,225,household_2_evening_heavy,1,30,0.34220300583345137,0.0,-0.34220300583345137,0.0,0.34220300583345137,0.0,242.25333333333336,1.2133333333333334,0.0,0.0001969832457686661,0.0,0.0
2006-12-19 01:45:00,226,household_2_evening_heavy,1,45,0.4518399615100971,0.0,-0.4518399615100971,0.0,0.4518399615100971,0.0,242.09,1.5733333333333335,0.0,0.0005293894631675525,0.0,0.0
2006-12-19 02:00:00,227,household_2_evening_heavy,2,0,0.46951418445120935,0.0,-0.46951418445120935,0.0,0.46951418445120935,0.0,244.32000000000002,1.72,0.0,0.0014640788803221912,0.0,0.0
2006-12-19 02:15:00,228,household_2_evening_heavy,2,15,0.4184166384088917,0.0,-0.4184166384088917,0.0,0.4184166384088917,0.0,246.49266666666665,1.52,0.0,0.0006796683322685418,0.0,0.0
2006-12-19 02:30:00,229,household_2_evening_heavy,2,30,0.36011598676461315,0.0,-0.36011598676461315,0.0,0.36011598676461315,0.0,246.36866666666666,1.28,0.0,0.00012322290574816547,0.0,0.0
2006-12-19 02:45:00,230,household_2_evening_heavy,2,45,0.3726802673437308,0.0,-0.3726802673437308,0.0,0.3726802673437308,0.0,245.93666666666667,1.3333333333333333,0.0,0.0001773876933012495,0.0,0.0
2006-12-19 03:00:00,231,household_2_evening_heavy,3,0,0.4211055816545125,0.0,-0.4211055816545125,0.0,0.4211055816545125,0.0,245.83333333333334,1.5333333333333334,0.0,0.0001416361496520036,0.0,0.0
2006-12-19 03:15:00,232,household_2_evening_heavy,3,15,0.3128980924182717,0.0,-0.3128980924182717,0.0,0.3128980924182717,0.0,244.648,1.1066666666666667,0.0,0.00021259059168443622,0.0,0.0
2006-12-19 03:30:00,233,household_2_evening_heavy,3,30,0.45827672417462995,0.0,-0.45827672417462995,0.0,0.45827672417462995,0.0,243.28,1.48,0.0,0.00012260912320453344,0.0,0.0
2006-12-19 03:45:00,234,household_2_evening_heavy,3,45,0.38744841171753186,0.0,-0.38744841171753186,0.0,0.38744841171753186,0.0,244.09133333333332,1.3333333333333333,0.0,0.00021790710861525198,0.0,0.0
2006-12-19 04:00:00,235,household_2_evening_heavy,4,0,0.3680242691173712,0.0,-0.3680242691173712,0.0,0.3680242691173712,0.0,244.292,1.3333333333333333,0.0,0.0007494737816667736,0.0,0.0
2006-12-19 04:15:00,236,household_2_evening_heavy,4,15,0.5853276663093903,0.0,-0.5853276663093903,0.0,0.5853276663093903,0.0,243.46266666666668,2.1599999999999997,0.0,0.001572152003165824,0.0,0.0
2006-12-19 04:30:00,237,household_2_evening_heavy,4,30,0.3297601845018262,0.0,-0.3297601845018262,0.0,0.3297601845018262,0.0,244.15533333333332,1.1866666666666668,0.0,0.00036067813375374855,0.0,0.0
2006-12-19 04:45:00,238,household_2_evening_heavy,4,45,0.39194021495444514,0.0,-0.39194021495444514,0.0,0.39194021495444514,0.0,244.83599999999998,1.32,0.0,0.00019932774870592575,0.0,0.0
2006-12-19 05:00:00,239,household_2_evening_heavy,5,0,0.4385145900271789,0.0,-0.4385145900271789,0.0,0.4385145900271789,0.0,243.01000000000002,1.5733333333333335,0.0,0.00013939654549521512,0.0,0.0
2006-12-19 05:15:00,240,household_2_evening_heavy,5,15,0.3142967386401331,0.0,-0.3142967386401331,0.0,0.3142967386401331,0.0,242.96133333333333,1.1066666666666667,0.0,0.0001264476047481657,0.0,0.0
2006-12-19 05:30:00,241,household_2_evening_heavy,5,30,0.42426556925750347,0.0,-0.42426556925750347,0.0,0.42426556925750347,0.0,242.11466666666666,1.48,0.0,0.00019607066833143805,0.0,0.0
2006-12-19 05:45:00,242,household_2_evening_heavy,5,45,0.3395043286733128,0.0,-0.3395043286733128,0.0,0.3395043286733128,0.0,244.21733333333336,1.3599999999999999,0.0,0.0001958828113823932,0.0,0.0
2006-12-19 06:00:00,243,household_2_evening_heavy,6,0,0.3044266252840569,0.0,-0.3044266252840569,0.0,0.3044266252840569,0.0,243.40200000000002,1.1333333333333333,0.0,0.0001233789553794635,0.0,0.0
2006-12-19 06:15:00,244,household_2_evening_heavy,6,15,0.44592441464891264,0.2671833881173938,-0.17874102653151885,0.0,0.17874102653151885,0.0,241.46733333333336,1.7733333333333334,0.0,0.0007858580669507374,0.0,0.0
2006-12-19 06:30:00,245,household_2_evening_heavy,6,30,0.4499932533134911,0.5226046261753173,0.07261137286182623,0.07261137286182623,0.0,0.018,241.532,1.6266666666666665,0.0,0.001239535982833317,0.0,0.0
2006-12-19 06:45:00,246,household_2_evening_heavy,6,45,3.0123140223823652,0.7553317105335962,-2.256982311848769,0.0,2.256982311848769,0.0,241.71733333333336,9.333333333333334,0.0,0.00031696154176192985,0.0,0.0
2006-12-19 07:00:00,247,household_2_evening_heavy,7,0,1.0193563298856305,1.0605303081905464,0.04117397830491587,0.04117397830491587,0.0,0.01,241.46533333333335,3.0799999999999996,0.0,0.0,0.0,0.0
2006-12-19 07:15:00,248,household_2_evening_heavy,7,15,0.7702329878584614,1.401755599538771,0.6315226116803095,0.6315226116803095,0.0,0.168,240.54066666666668,2.546666666666667,0.0,0.0,0.0,0.0
2006-12-19 07:30:00,249,household_2_evening_heavy,7,30,3.5298119658266636,1.5161225858064165,-2.013689380020247,0.0,2.013689380020247,0.0,238.76066666666665,11.506666666666666,0.0,0.0,0.012798775582060657,0.0
2006-12-19 07:45:00,250,household_2_evening_heavy,7,45,3.4433209970382013,1.8328229203774937,-1.6104980766607075,0.0,1.6104980766607075,0.0,236.93800000000002,13.04,0.0,0.0,0.020218484883233256,0.0
2006-12-19 08:00:00,251,household_2_evening_heavy,8,0,4.398464014170556,1.8706727042128832,-2.5277913099576725,0.0,2.5277913099576725,0.0,235.06266666666667,15.466666666666667,0.0,0.02375340077432841,0.01696449342812662,0.0
2006-12-19 08:15:00,252,household_2_evening_heavy,8,15,2.845019451837268,2.1160074159309676,-0.7290120359063001,0.0,0.7290120359063001,0.0,238.17333333333332,10.08,0.0,0.009352084683753968,0.017791959564010737,0.0
2006-12-19 08:30:00,253,household_2_evening_heavy,8,30,3.490286563761751,2.492562260193912,-0.9977243035678387,0.0,0.9977243035678387,0.0,237.60666666666665,12.28,0.01701286624515697,0.008228206600373525,0.018534052775535888,0.0
2006-12-19 08:45:00,254,household_2_evening_heavy,8,45,8.154064947207507,2.8330923989079,-5.320972548299607,0.0,5.320972548299607,0.0,233.74266666666665,28.333333333333332,0.019702004464890743,0.05688596780181687,0.01460932030244519,0.0
2006-12-19 09:00:00,255,household_2_evening_heavy,9,0,4.880235504410971,2.8787184468275497,-2.001517057583421,0.0,2.001517057583421,0.0,237.08266666666665,17.12,0.02004047361277292,0.027709942618128,0.015291285819956016,0.0
2006-12-19 09:15:00,256,household_2_evening_heavy,9,15,1.9657571800459712,2.9602853320362548,0.9945281519902835,0.9945281519902835,0.0,0.249,238.82866666666666,7.786666666666666,0.0,0.02359173675543658,0.0,0.0
2006-12-19 09:30:00,257,household_2_evening_heavy,9,30,0.4989276288377674,3.1733009279900823,2.674373299152315,2.674373299152315,0.0,0.917,240.81066666666666,1.68,0.0,0.0014793720646014686,0.0,0.0
2006-12-19 09:45:00,258,household_2_evening_heavy,9,45,0.33511341904351827,3.1179432424534,2.7828298234098816,2.7828298234098816,0.0,1.613,241.56733333333332,1.2666666666666666,0.0,0.00018460007867605088,0.0,0.0
2006-12-19 10:00:00,259,household_2_evening_heavy,10,0,0.3901884842903519,3.5688067410579114,3.1786182567675594,3.1786182567675594,0.0,2.408,239.56533333333334,1.3599999999999999,0.0,0.00011605177781000142,0.0,0.0
2006-12-19 10:15:00,260,household_2_evening_heavy,10,15,0.3611342397127487,3.7457590606409386,3.38462482092819,3.38462482092819,0.0,3.254,243.10333333333335,1.1066666666666667,0.0,0.00019087758345051625,0.0,0.0
2006-12-19 10:30:00,261,household_2_evening_heavy,10,30,0.5809172357497102,3.611982728975007,3.0310654932252965,3.0310654932252965,0.0,4.012,244.59133333333332,2.2133333333333334,0.0,0.003393808873371324,0.0,0.0
2006-12-19 10:45:00,262,household_2_evening_heavy,10,45,0.7336780775694655,3.6987011036112105,2.965023026041745,2.965023026041745,0.0,4.753,241.96266666666668,3.0933333333333333,0.0,0.002119005893167113,0.0,0.0
2006-12-19 11:00:00,263,household_2_evening_heavy,11,0,4.359549503055494,3.91506703489006,-0.4444824681654338,0.0,0.4444824681654338,4.673,238.05333333333334,15.053333333333335,0.0,0.051682371155987124,0.0,0.0
2006-12-19 11:15:00,264,household_2_evening_heavy,11,15,2.7191575292068477,3.837475463858882,1.1183179346520342,1.1183179346520342,0.0,4.952,239.70666666666665,8.613333333333333,0.0,0.028185786402898302,0.0,0.0
2006-12-19 11:30:00,265,household_2_evening_heavy,11,30,2.6300382440104904,3.952666077307244,1.3226278332967536,1.3226278332967536,0.0,5.283,241.00799999999998,7.973333333333333,0.0,0.0249818239896404,0.0,0.0
2006-12-19 11:45:00,266,household_2_evening_heavy,11,45,2.1009916335283596,4.410480917682081,2.3094892841537216,2.3094892841537216,0.0,5.86,242.532,7.8133333333333335,0.0,0.025652429868235575,0.0,0.0
2006-12-19 12:00:00,267,household_2_evening_heavy,12,0,1.097940515977107,3.9505948598508005,2.8526543438736933,2.8526543438736933,0.0,6.574,241.5006666666667,3.8133333333333335,0.0,0.008846518986948878,0.0,0.0
2006-12-19 12:15:00,268,household_2_evening_heavy,12,15,0.3880224812267844,3.9199211093046036,3.531898628077819,3.531898628077819,0.0,7.457,243.608,1.4400000000000002,0.0,0.0015507254126087093,0.0,0.0
2006-12-19 12:30:00,269,household_2_evening_heavy,12,30,0.3736098051268987,3.8373790463509017,3.463769241224003,3.463769241224003,0.0,8.322,242.84866666666667,1.3333333333333333,0.0,0.00027380445026886294,0.0,0.0
2006-12-19 12:45:00,270,household_2_evening_heavy,12,45,0.3615021074561589,4.069119627901202,3.707617520445043,3.707617520445043,0.0,9.249,243.87733333333333,1.1066666666666667,0.0,0.00019280740655095075,0.0,0.0
2006-12-19 13:00:00,271,household_2_evening_heavy,13,0,0.35528540520570157,3.828693483304424,3.473408078098722,3.473408078098722,0.0,10.118,242.78066666666666,1.3333333333333333,0.0,0.0010301107339191742,0.0,0.0
2006-12-19 13:15:00,272,household_2_evening_heavy,13,15,0.45938903180957774,3.6647383389267554,3.2053493071171775,3.2053493071171775,0.0,10.919,243.88933333333335,1.5599999999999998,0.0,0.0011541679118498838,0.0,0.0
2006-12-19 13:30:00,273,household_2_evening_heavy,13,30,0.27911872176805896,3.9396632803734812,3.660544558605422,3.660544558605422,0.0,11.834,242.60600000000002,0.9333333333333333,0.0,0.0001692404488530733,0.0,0.0
2006-12-19 13:45:00,274,household_2_evening_heavy,13,45,0.4130995811146719,3.8421316138399906,3.4290320327253188,3.4290320327253188,0.0,12.691,245.13400000000001,1.3466666666666667,0.0,0.00020699600049135816,0.0,0.0
2006-12-19 14:00:00,275,household_2_evening_heavy,14,0,0.4073809906293428,3.3601052029456437,2.952724212316301,2.952724212316301,0.0,13.43,246.08533333333335,1.44,0.0,0.0010795134483789588,0.0,0.0
2006-12-19 14:15:00,276,household_2_evening_heavy,14,15,0.41299486962613474,3.015484199269177,2.602489329643042,2.602489329643042,0.0,14.08,246.78333333333333,1.4666666666666666,0.0,0.001452665243760269,0.0,0.0
2006-12-19 14:30:00,277,household_2_evening_heavy,14,30,0.40866570447203887,3.333276231409195,2.924610526937156,2.924610526937156,0.0,14.811,247.04666666666665,1.4933333333333332,0.0,0.00010965004888711398,0.0,0.0
2006-12-19 14:45:00,278,household_2_evening_heavy,14,45,0.286214911973709,2.9044128386371564,2.618197926663447,2.618197926663447,0.0,15.466,247.868,0.9333333333333333,0.0,0.0001983880050140648,0.0,0.0
2006-12-19 15:00:00,279,household_2_evening_heavy,15,0,0.3680943475208667,2.940238469255725,2.572144121734858,2.572144121734858,0.0,16.109,244.9633333333333,1.3333333333333333,0.0,0.0001222259192399899,0.0,0.0
2006-12-19 15:15:00,280,household_2_evening_heavy,15,15,0.3378121813944539,2.377587318896082,2.0397751375016284,2.0397751375016284,0.0,16.619,237.82666666666668,1.1466666666666667,0.0,0.00014553853700746884,0.0,0.0
2006-12-19 15:30:00,281,household_2_evening_heavy,15,30,0.2579824017137626,2.5437214822733765,2.285739080559614,2.285739080559614,0.0,17.19,240.92733333333334,0.9066666666666666,0.0,0.00018900919450808931,0.0,0.0
2006-12-19 15:45:00,282,household_2_evening_heavy,15,45,1.1673276059783606,2.0877027178829435,0.9203751119045829,0.9203751119045829,0.0,17.42,243.24533333333332,3.8400000000000003,0.0,0.00019766468168409506,0.008751828041114415,0.0
2006-12-19 16:00:00,283,household_2_evening_heavy,16,0,1.6820415295364484,2.073076411906652,0.39103488237020345,0.39103488237020345,0.0,17.518,243.58866666666665,5.48,0.0,0.0005618665295157357,0.019255340259237138,0.0
2006-12-19 16:15:00,284,household_2_evening_heavy,16,15,1.8854942117409932,1.770417324171762,-0.11507688756923118,0.0,0.11507688756923118,17.497,241.93400000000003,5.8133333333333335,0.0,0.0017999572072841777,0.01660368527852927,0.0
2006-12-19 16:30:00,285,household_2_evening_heavy,16,30,1.7806588013096885,1.4577223672037458,-0.32293643410594264,0.0,0.32293643410594264,17.439,242.97400000000002,5.88,0.0,0.0005807254340329252,0.019612370557297417,0.0
2006-12-19 16:45:00,286,household_2_evening_heavy,16,45,1.450639970929983,1.2595903542554163,-0.19104961667456677,0.0,0.19104961667456677,17.405,242.36066666666665,5.28,0.0,0.00015776742724638937,0.020969065609783056,0.0
2006-12-19 17:00:00,287,household_2_evening_heavy,17,0,2.7265079741425806,1.070802637943238,-1.6557053361993426,0.0,1.6557053361993426,17.107,239.75799999999998,5.7733333333333325,0.0,0.00021628303524236534,0.019484274585563368,0.0
